{
    "saw.saw_theme": {
      "sounds": [
        {
          "name": "saw/saw_theme"
        }
      ],
      "subtitle": "Saw Theme"
    },
    "entity.creeper.primed": {
      "sounds": [
        {
          "name": "mob/creeper/fuse_allahu_akbar",
          "pitch": 2
        },
        {
          "name": "mob/creeper/fuse"
        },
        {
          "name": "mob/creeper/fuse"
        },
        {
          "name": "mob/creeper/fuse"
        },
        {
          "name": "mob/creeper/fuse"
        }
      ],
      "subtitle": "Uh oh"
    }
  }